A1(5%),A2(5%),A3(5%),A4(3%),Assignments(15%),T1(12.5%),T2(12.5%),Tests(25%),CW(40%),Q1(27),Q2(27),Q3(16),Final(70),Scaled Final(60%),Total Score(100%)
1.428571429,3.8,4.25,2.4,12,7.1875,7.196969697,14,26,22,24,7,53,45,72
4.387755102,4.6,4.25,0,13,5.625,2.651515152,8,22,26,17,15,58,50,71
3.571428571,4,4.5,0,12,4.6875,1.515151515,6,18,27,22,4,53,45,64
4.183673469,4,3.75,0,12,4.375,7.196969697,12,24,14,18,14,46,39,63
1.93877551,4,3.25,0,9,6.875,7.954545455,15,24,19,12,14,45,39,63
3.265306122,4,3.75,0,11,4.6875,3.03030303,8,19,13,25,13,51,44,62
4.183673469,4,3.75,0,12,6.875,3.787878788,11,23,12,20,13,45,39,61
3.367346939,4,4.5,0,12,4.6875,3.409090909,8,20,13,26,6,45,39,59
4.285714286,3.8,4,0,12,6.25,6.060606061,12,24,17,17,4,38,33,57
3.469387755,3.8,3.75,0,11,6.5625,8.333333333,15,26,8,18,6,36,31,57
4.183673469,3.8,4,0,12,7.1875,3.03030303,10,22,16,13,10,39,33,56
3.571428571,3.8,4.25,0,12,8.4375,1.515151515,10,22,18,14,7,39,33,55
4.081632653,3,2.25,0,9,3.75,1.893939394,6,15,18,21,7,46,39,54
2.959183673,3.8,4.5,0,11,5,4.924242424,10,21,15,15,6,36,31,52
1.93877551,3.4,0,0,5,5.9375,6.439393939,12,18,15,12,13,40,34,52
0.102040816,3.8,4.5,0,8,3.4375,3.03030303,6,15,26,11,5,42,36,51
3.163265306,4,4.5,0,12,3.4375,4.545454545,8,20,9,20,1,30,26,45
3.87755102,3.8,1.75,0,9,9.6875,5.681818182,15,25,3,14,6,23,20,45
2.959183673,3.4,2.75,0,9,1.875,4.166666667,6,15,17,13,3,33,28,43
2.448979592,0,2.25,0,5,8.75,3.03030303,12,16,8,12,11,31,27,43
3.571428571,3.6,2,0,9,4.0625,2.272727273,6,16,16,10,6,32,27,43
2.653061224,3.8,1.75,0,8,3.75,3.03030303,7,15,8,12,11,31,27,42
3.571428571,3.8,4.5,0,12,3.4375,2.651515152,6,18,10,12,4,26,22,40
2.653061224,3.8,1.75,0,8,4.0625,2.651515152,7,15,8,11,10,29,25,40
2.244897959,0,1.25,0,3,3.75,3.787878788,8,11,17,7,6,30,26,37
4.693877551,3.8,3.75,0,12,3.75,3.787878788,8,20,9,10,0,19,16,36
2.857142857,3.8,4.25,0,11,4.0625,0,4,15,8,12,1,21,18,33
3.87755102,3.4,2.75,0,10,1.25,4.545454545,6,16,9,3,6,18,15,31
0,3.8,3.75,0,8,4.6875,0,5,12,10,8,3,21,18,30
3.163265306,3.6,2,0,9,4.0625,0,4,13,10,4,6,20,17,30
4.285714286,0,4.25,0,9,6.5625,1.136363636,8,16,5,4,5,14,12,28
4.183673469,0,0,0,4,6.5625,0,7,11,,,,0,0,11
4.285714286,2.2,3.75,0,10,2.5,8.712121212,11,21,5,26,3,34,29,51
2.244897959,1.4,3.25,0,7,8.4375,1.136363636,10,16,12,6,12,30,26,42
0.204081633,2.2,3.5,0,6,0.625,3.787878788,4,10,18,5,15,38,33,43
0,2.8,2.25,0,5,5,4.545454545,10,15,23,20,10,53,45,60
0.204081633,3,3,0,6,11.25,3.03030303,14,20,7,8,14,29,25,45
1.12244898,1,0.75,0,3,4.0625,2.272727273,6,9,20,17,16,53,45,55
2.755102041,2,3.25,0,8,11.875,8.333333333,20,28,7,23,12,42,36,64
2.244897959,2,2.5,0,7,7.8125,8.333333333,16,23,23,18,8,49,42,65
2.244897959,3.8,3.5,0,10,6.25,0.757575758,7,17,17,1,14,32,27,44
3.87755102,4.6,4,0,12,5.625,4.166666667,10,22,5,12,7,24,21,43
1.020408163,2.8,1.25,0,5,3.75,10.98484848,15,20,9,1,4,14,12,32
1.020408163,3.2,2,0,6,10.625,8.333333333,19,25,6,16,0,22,19,44
0.918367347,2.2,2,0,5,12.1875,0,12,17,11,16,1,28,24,41
0.510204082,1.6,1.25,0,3,0.3125,3.409090909,4,7,23,9,6,38,33,40
2.551020408,4.2,3.5,0,10,4.375,0.757575758,5,15,12,7,8,27,23,39
0.408163265,4.6,1.75,0,7,4.375,12.5,17,24,21,5,16,42,36,60
0.510204082,1,1.75,0,3,3.75,12.12121212,16,19,19,13,13,45,39,58
3.163265306,2.2,0.5,0,6,1.25,12.5,14,20,14,5,14,33,28,48
4.489795918,3.2,3.75,0,11,10,5.303030303,15,27,9,11,10,30,26,52
0.306122449,3.2,4,0,8,8.4375,7.954545455,16,24,1,15,15,31,27,50
1.632653061,2.6,1.5,0,6,11.5625,8.333333333,20,26,3,22,1,26,22,48
0.714285714,1.4,3.25,0,5,8.75,1.893939394,11,16,13,3,12,28,24,40
0.204081633,1.2,2.25,0,4,5,10.22727273,15,19,25,22,5,52,45,63
0.306122449,4,1.25,0,6,1.25,0.378787879,2,7,7,25,15,47,40,47
0.918367347,2,5,0,8,9.0625,6.818181818,16,24,24,11,15,50,43,67
3.265306122,2.8,3,0,9,5.9375,10.60606061,17,26,19,5,13,37,32,57
0.816326531,2.8,2.25,0,6,3.75,7.196969697,11,17,13,8,14,35,30,47
1.734693878,4.6,1.25,0,8,1.5625,10.22727273,12,19,19,6,14,39,33,53
3.775510204,0.4,2,0,6,2.1875,12.12121212,14,20,21,11,8,40,34,55
2.959183673,1,0.5,0,4,2.1875,7.575757576,10,14,24,3,9,36,31,45
4.183673469,0,3.5,0,8,6.875,4.166666667,11,19,5,17,8,30,26,44
4.489795918,3.2,1.25,0,9,12.1875,9.848484848,22,31,14,15,9,38,33,64
0.204081633,3.2,4.25,0,8,2.8125,3.409090909,6,14,26,23,13,62,53,67
4.489795918,4,2.5,0,11,11.875,9.46969697,21,32,24,15,16,55,47,79
1.632653061,1.2,3,0,6,0,9.090909091,9,15,0,12,16,28,24,39
1.12244898,2.8,2.25,0,6,5.3125,9.848484848,15,21,25,20,5,50,43,64
4.387755102,4.6,3.75,0,13,8.4375,10.60606061,19,32,10,5,4,19,16,48
4.081632653,1.6,3.25,0,9,9.0625,9.848484848,19,28,17,19,16,52,45,72
2.857142857,3.6,0.5,0,7,8.4375,10.22727273,19,26,2,14,14,30,26,51
4.897959184,0,3.5,0,8,4.0625,0,4,12,14,11,8,33,28,41
1.632653061,1.8,0.5,0,4,11.25,1.893939394,13,17,17,10,11,38,33,50
4.795918367,4.4,3,0,12,11.5625,4.924242424,16,29,2,17,13,32,27,56
0,1.4,1.75,0,3,9.0625,7.575757576,17,20,9,16,9,34,29,49
0.714285714,4.4,2.75,0,8,2.1875,7.575757576,10,18,5,21,15,41,35,53
4.489795918,0.8,3.25,0,9,12.5,3.409090909,16,24,17,0,2,19,16,41
3.163265306,3.6,2.75,0,10,10.625,9.090909091,20,29,12,10,10,32,27,57
3.469387755,4,3.75,0,11,1.875,5.681818182,8,19,20,21,9,50,43,62
2.142857143,5,3.5,0,11,7.1875,11.36363636,19,29,11,16,3,30,26,55
0.306122449,1,4.25,0,6,11.5625,5.303030303,17,22,18,11,2,31,27,49
3.163265306,4.4,2.75,0,10,7.5,3.409090909,11,21,21,7,11,39,33,55
3.979591837,3.2,2.25,0,9,7.1875,8.712121212,16,25,7,25,15,47,40,66
0.918367347,0,1.5,0,2,10.9375,1.515151515,12,15,13,24,15,52,45,59
3.163265306,4.2,4.25,0,12,12.5,1.893939394,14,26,0,21,0,21,18,44
1.326530612,0.2,3.75,0,5,5.3125,8.333333333,14,19,18,11,16,45,39,57
4.897959184,3.6,3.25,0,12,5.625,12.12121212,18,29,26,16,2,44,38,67
4.795918367,4.2,4.75,0,14,9.375,4.924242424,14,28,12,25,1,38,33,61
0.306122449,2.2,0.75,0,3,6.25,12.12121212,18,22,8,20,5,33,28,50
4.897959184,0.6,2.25,0,8,10.3125,9.46969697,20,28,15,20,3,38,33,60
4.897959184,1.2,3,0,9,12.1875,10.98484848,23,32,16,6,11,33,28,61
5,3.8,2,0,11,8.75,11.74242424,20,31,0,25,5,30,26,57
4.591836735,2.2,1.75,0,9,7.5,12.5,20,29,15,2,7,24,21,49
3.06122449,2.4,0.5,0,6,3.4375,11.74242424,15,21,20,8,8,36,31,52
0.612244898,3.4,3.25,0,7,1.25,12.5,14,21,22,26,7,55,47,68
0.408163265,1,3,0,4,7.1875,1.893939394,9,13,0,23,10,33,28,42
4.693877551,3,1.75,0,9,11.5625,4.166666667,16,25,2,17,5,24,21,46
2.346938776,1.8,2.25,0,6,7.5,10.98484848,18,25,12,16,13,41,35,60
2.755102041,0,2,0,5,4.0625,4.545454545,9,13,2,17,12,31,27,40
4.795918367,3.8,1.75,0,10,0.3125,4.545454545,5,15,22,2,15,39,33,49
2.346938776,2.8,2,0,7,0.9375,7.954545455,9,16,23,13,11,47,40,56
3.469387755,1.4,1.75,0,7,3.4375,0,3,10,18,16,2,36,31,41
3.469387755,0,3.25,0,7,8.125,9.848484848,18,25,21,23,12,56,48,73
5,1.4,2.5,0,9,8.75,0.378787879,9,18,24,0,1,25,21,39
3.775510204,2.8,1.5,0,8,5,4.924242424,10,18,14,12,9,35,30,48
1.836734694,3.2,4.5,0,10,7.5,5.681818182,13,23,5,25,1,31,27,49
1.632653061,4.4,1.75,0,8,6.5625,12.5,19,27,14,2,9,25,21,48
1.428571429,3.6,4,0,9,0.3125,1.515151515,2,11,20,5,13,38,33,43
2.857142857,4.8,2.25,0,10,7.5,4.166666667,12,22,6,17,10,33,28,50
2.346938776,4.4,1.5,0,8,9.375,11.74242424,21,29,17,4,10,31,27,56
1.836734694,1.2,4.25,0,7,6.875,6.060606061,13,20,4,12,0,16,14,34
3.367346939,2.2,1.75,0,7,7.8125,6.818181818,15,22,18,21,7,46,39,61
3.06122449,3.6,4.5,0,11,8.75,5.303030303,14,25,26,18,14,58,50,75
3.775510204,2.6,3.5,0,10,1.5625,10.98484848,13,22,21,15,11,47,40,63
3.571428571,4.4,5,0,13,0.625,0,1,14,10,18,10,38,33,46
1.224489796,1,1.75,0,4,1.25,3.787878788,5,9,11,23,0,34,29,38
1.836734694,2,2.5,0,6,4.375,6.818181818,11,18,10,10,6,26,22,40
1.224489796,5,1.25,0,7,4.375,12.12121212,16,24,8,23,5,36,31,55
2.653061224,1.4,2.5,0,7,10.3125,8.712121212,19,26,14,20,4,38,33,58
2.959183673,3.4,3.25,0,10,8.4375,8.712121212,17,27,18,5,0,23,20,46
1.224489796,0,2.25,0,3,11.5625,0.378787879,12,15,2,22,3,27,23,39
3.979591837,4.8,1,0,10,10,1.515151515,12,21,25,1,13,39,33,55
4.081632653,4.6,1.5,0,10,10,6.060606061,16,26,3,24,8,35,30,56
4.183673469,1,3.5,0,9,6.875,11.74242424,19,27,20,20,6,46,39,67
1.734693878,2.8,2.25,0,7,4.375,3.409090909,8,15,27,2,12,41,35,50
0.102040816,0.8,0.25,0,1,2.1875,1.515151515,4,5,25,23,2,50,43,48
4.489795918,2.2,1.25,0,8,7.1875,1.893939394,9,17,0,22,8,30,26,43
4.387755102,3,4.5,0,12,11.5625,6.439393939,18,30,20,17,7,44,38,68
3.265306122,2.6,2.5,0,8,12.5,4.924242424,17,26,19,6,16,41,35,61
4.795918367,3.2,3.75,0,12,12.1875,7.196969697,19,31,27,27,7,61,52,83
1.326530612,3,2.75,0,7,12.5,10.22727273,23,30,18,4,10,32,27,57
3.571428571,0.2,2.5,0,6,8.75,10.60606061,19,26,15,2,4,21,18,44
2.755102041,3.2,4.25,0,10,11.875,12.5,24,35,14,11,12,37,32,66
2.857142857,1,4.5,0,8,0.9375,7.954545455,9,17,23,10,7,40,34,52
4.897959184,3.4,3,0,11,12.1875,5.303030303,17,29,27,11,4,42,36,65
2.346938776,0.4,2.25,0,5,4.6875,3.03030303,8,13,16,19,10,45,39,51
0.204081633,4.8,1.5,0,7,6.875,3.787878788,11,17,12,20,5,37,32,49
1.632653061,4.2,1.25,0,7,0,10.60606061,11,18,21,14,13,48,41,59
2.346938776,4,2.5,0,9,10,5.681818182,16,25,14,9,13,36,31,55
4.387755102,0.8,3.5,0,9,11.25,1.515151515,13,21,0,20,15,35,30,51
0.816326531,0.6,3.75,0,5,9.0625,4.166666667,13,18,23,6,16,45,39,57
2.346938776,2.8,2.5,0,8,2.5,11.36363636,14,22,6,3,15,24,21,42
3.265306122,0.4,2,0,6,3.4375,8.333333333,12,17,15,27,0,42,36,53
4.795918367,3.8,2.5,0,11,10.625,4.166666667,15,26,24,21,5,50,43,69
3.979591837,0.4,4.25,0,9,2.5,7.196969697,10,18,24,13,13,50,43,61
0.612244898,0.8,5,0,6,3.125,3.409090909,7,13,11,7,2,20,17,30
2.040816327,2.4,2.75,0,7,9.0625,0.757575758,10,17,23,26,10,59,51,68
2.142857143,3,3,0,8,2.1875,1.515151515,4,12,4,11,15,30,26,38
3.265306122,1,3.25,0,8,9.6875,5.681818182,15,23,19,27,7,53,45,68
4.081632653,1.6,1.5,0,7,8.75,2.651515152,11,19,6,17,7,30,26,44
2.857142857,1.8,5,0,10,4.0625,6.060606061,10,20,26,13,15,54,46,66
3.775510204,5,2,0,11,10.9375,3.03030303,14,25,25,26,2,53,45,70
3.87755102,3.8,1.5,0,9,8.75,11.74242424,20,30,24,21,15,60,51,81
4.285714286,1.6,3.5,0,9,11.25,9.090909091,20,30,12,26,5,43,37,67
3.469387755,2.2,2.75,0,8,2.5,7.954545455,10,19,4,13,12,29,25,44
1.428571429,3.4,3,0,8,3.125,4.166666667,7,15,6,5,9,20,17,32
2.346938776,0.8,1.5,0,5,11.25,4.924242424,16,21,6,15,3,24,21,41
2.653061224,1.4,2.75,0,7,0,8.333333333,8,15,12,12,16,40,34,49
1.428571429,1.4,3.25,0,6,1.5625,11.74242424,13,19,21,23,12,56,48,67
2.142857143,3,3.75,0,9,6.5625,12.5,19,28,6,10,16,32,27,55
1.530612245,4.8,2,0,8,11.5625,8.712121212,20,29,20,16,6,42,36,65
0,0.2,0.25,0,0,11.875,9.848484848,22,22,16,10,6,32,27,50
1.12244898,2.2,2.25,0,6,6.25,2.272727273,9,14,21,1,16,38,33,47
2.040816327,0.8,3,0,6,6.25,12.5,19,25,0,22,9,31,27,51
2.959183673,3.6,1,0,8,11.5625,6.060606061,18,25,11,9,8,28,24,49
3.367346939,4.6,1.75,0,10,7.5,2.651515152,10,20,24,26,8,58,50,70
2.857142857,1.4,0.25,0,5,2.8125,12.5,15,20,24,24,1,49,42,62
0.714285714,3.4,3.25,0,7,1.5625,0.378787879,2,9,27,6,5,38,33,42
1.326530612,2.2,4.25,0,8,4.0625,1.893939394,6,14,26,25,8,59,51,64
3.571428571,2,1.75,0,7,1.5625,0.757575758,2,10,15,6,3,24,21,30
1.93877551,0.8,2,0,5,7.5,0.378787879,8,13,16,6,1,23,20,32
1.12244898,1.2,1.25,0,4,9.0625,1.136363636,10,14,27,13,12,52,45,58
3.87755102,3.2,2.75,0,10,10.9375,3.03030303,14,24,14,21,8,43,37,61
3.979591837,0.4,1,0,5,2.1875,5.681818182,8,13,14,14,13,41,35,48
1.326530612,3.8,2.5,0,8,11.875,1.893939394,14,21,15,12,15,42,36,57
2.857142857,4.8,2,0,10,5.9375,6.060606061,12,22,12,2,3,17,15,36
3.571428571,2.2,2.25,0,8,5.625,10.98484848,17,25,17,7,9,33,28,53
1.224489796,3,4.5,0,9,9.6875,4.166666667,14,23,6,8,7,21,18,41
1.224489796,4.8,4,0,10,0.625,7.575757576,8,18,11,3,6,20,17,35
1.530612245,4.4,2,0,8,1.25,4.924242424,6,14,2,7,1,10,9,23
1.632653061,4,2.75,0,8,9.0625,0.378787879,9,18,10,27,16,53,45,63
4.693877551,3.4,4,0,12,10,0.378787879,10,22,12,25,15,52,45,67
4.183673469,1.6,3.75,0,10,7.5,6.439393939,14,23,16,25,12,53,45,69
3.367346939,3.4,1,0,8,11.875,5.681818182,18,25,1,9,2,12,10,36
0.612244898,0.4,2.25,0,3,5.9375,4.545454545,10,14,17,3,9,29,25,39
4.183673469,2.6,3.75,0,11,7.5,9.46969697,17,28,3,22,16,41,35,63
0.102040816,3,4,0,7,0,4.166666667,4,11,19,9,10,38,33,44
4.591836735,1.6,1.25,0,7,0.3125,3.409090909,4,11,1,7,14,22,19,30
0.306122449,3.4,2.25,0,6,3.125,3.787878788,7,13,17,25,8,50,43,56
3.469387755,0.4,1.25,0,5,0.9375,11.74242424,13,18,3,26,10,39,33,51
3.775510204,4.6,1.25,0,10,6.25,4.166666667,10,20,15,24,8,47,40,60
0.204081633,1.8,3.5,0,6,8.4375,3.03030303,11,17,20,19,14,53,45,62
0.816326531,2.4,2.5,0,6,8.75,10.98484848,20,25,1,13,6,20,17,43
3.469387755,3.6,1.75,0,9,8.4375,7.196969697,16,24,10,26,3,39,33,58
3.673469388,4.2,1.75,0,10,10.625,3.787878788,14,24,27,3,16,46,39,63
3.469387755,1.2,3.25,0,8,11.875,9.46969697,21,29,7,19,3,29,25,54
0.612244898,5,4,0,10,10.625,1.136363636,12,21,20,12,13,45,39,60
2.244897959,2.8,2.25,0,7,11.5625,9.46969697,21,28,26,4,14,44,38,66
3.775510204,3.2,4.5,0,11,2.8125,9.46969697,12,24,24,11,7,42,36,60
1.530612245,2,2.25,0,6,8.75,2.651515152,11,17,14,21,15,50,43,60
0.510204082,5,1.75,0,7,8.125,11.36363636,19,27,19,8,12,39,33,60
0.816326531,4.6,0.25,0,6,9.375,3.787878788,13,19,11,10,2,23,20,39
0,3.2,2.5,0,6,10,1.893939394,12,18,5,9,16,30,26,43
1.632653061,2.8,2.5,0,7,4.375,10.22727273,15,22,20,7,7,34,29,51
3.06122449,3.2,2.5,0,9,3.75,0.378787879,4,13,6,5,8,19,16,29
0.510204082,3.6,3,0,7,8.125,0.757575758,9,16,10,20,7,37,32,48
3.979591837,3,1.25,0,8,11.5625,1.515151515,13,21,14,7,13,34,29,50
2.653061224,1.6,2.75,0,7,10.625,2.651515152,13,20,7,12,3,22,19,39
4.591836735,1,2.75,0,8,9.0625,8.712121212,18,26,4,21,7,32,27,54
4.387755102,1.6,2.75,0,9,0.9375,1.893939394,3,12,27,20,0,47,40,52
4.693877551,2,1.25,0,8,9.0625,11.74242424,21,29,10,14,8,32,27,56
4.795918367,0.6,5,0,10,12.5,3.409090909,16,26,10,5,16,31,27,53
1.734693878,1,0.5,0,3,7.1875,3.787878788,11,14,10,23,6,39,33,48
0,2.2,3.5,0,6,7.5,2.651515152,10,16,21,15,8,44,38,54
2.959183673,0.6,0.75,0,4,3.4375,7.575757576,11,15,14,3,9,26,22,38
3.265306122,4.8,2.75,0,11,6.5625,8.712121212,15,26,16,14,7,37,32,58
2.346938776,1.8,2,0,6,11.25,10.60606061,22,28,3,17,2,22,19,47
2.142857143,3.2,3,0,8,0.625,11.74242424,12,21,16,26,8,50,43,64
2.244897959,5,2.75,0,10,1.875,7.954545455,10,20,7,10,3,20,17,37
2.142857143,3.4,0,0,6,9.6875,1.136363636,11,16,27,16,14,57,49,65
3.87755102,0.2,2.75,0,7,7.8125,2.651515152,10,17,4,9,11,24,21,38
1.93877551,4.8,2.25,0,9,3.75,4.924242424,9,18,5,5,5,15,13,31
2.448979592,1.2,2.25,0,6,0.625,8.333333333,9,15,7,4,15,26,22,37
2.551020408,4.6,2,0,9,1.25,4.545454545,6,15,4,1,0,5,4,19
3.979591837,1.4,1.25,0,7,10,3.03030303,13,20,25,17,6,48,41,61
1.734693878,4.4,2.25,0,8,10.3125,1.893939394,12,21,25,4,4,33,28,49
3.265306122,3.6,2.25,0,9,12.1875,6.060606061,18,27,27,25,0,52,45,72
3.469387755,4.8,2.25,0,11,8.125,2.272727273,10,21,9,12,11,32,27,48
5,3.8,1.25,0,10,7.1875,10.22727273,17,27,22,2,14,38,33,60
2.244897959,1.4,2.75,0,6,10,1.136363636,11,18,7,5,6,18,15,33
3.673469388,5,5,0,14,10.3125,2.651515152,13,27,27,20,1,48,41,68
0.918367347,0.8,2.75,0,4,10.9375,1.136363636,12,17,14,1,1,16,14,30
1.734693878,2,1.5,0,5,3.4375,3.409090909,7,12,14,10,6,30,26,38
1.428571429,4,2,0,7,6.875,7.575757576,14,22,14,26,14,54,46,68
1.93877551,3,2.25,0,7,5,0.757575758,6,13,1,24,4,29,25,38
3.571428571,0.6,2.75,0,7,2.1875,10.98484848,13,20,3,19,9,31,27,47
4.489795918,2.8,3.5,0,11,8.75,0,9,20,8,9,1,18,15,35
0.816326531,1.4,3,0,5,11.875,4.924242424,17,22,22,0,9,31,27,49
1.12244898,4.4,1.25,0,7,5.3125,4.545454545,10,17,27,16,2,45,39,55
1.428571429,2.8,3,0,7,8.75,7.196969697,16,23,4,10,6,20,17,40
1.12244898,0.8,1.75,0,4,1.875,0.378787879,2,6,18,27,12,57,49,55
5,0.2,2.25,0,7,12.5,0.378787879,13,20,8,3,14,25,21,42
4.387755102,1.8,1,0,7,2.5,1.136363636,4,11,19,20,13,52,45,55
2.448979592,3.2,4.75,0,10,12.1875,5.681818182,18,28,15,6,3,24,21,49
4.897959184,5,2.75,0,13,5.9375,9.848484848,16,28,25,26,13,64,55,83
2.346938776,1.8,1.75,0,6,4.0625,6.818181818,11,17,6,8,0,14,12,29
4.285714286,4.6,3.5,0,12,0,10.60606061,11,23,2,13,4,19,16,39
2.142857143,0.2,3.25,0,6,10,12.5,23,28,17,7,12,36,31,59
5,4.8,3,0,13,2.8125,7.954545455,11,24,1,22,8,31,27,50
0.408163265,2.2,1.5,0,4,8.125,3.787878788,12,16,13,1,2,16,14,30
1.530612245,2,2.75,0,6,6.875,6.818181818,14,20,10,5,12,27,23,43
1.428571429,1.6,2,0,5,8.75,3.787878788,13,18,16,16,4,36,31,48
3.469387755,0,4.25,0,8,7.1875,3.03030303,10,18,20,21,10,51,44,62
2.755102041,1.8,2,0,7,8.75,11.36363636,20,27,21,23,6,50,43,70
3.775510204,5,1.25,0,10,12.1875,9.848484848,22,32,24,19,11,54,46,78
1.734693878,0.2,4,0,6,4.375,10.60606061,15,21,6,17,0,23,20,41
4.489795918,1.4,2.25,0,8,7.8125,8.333333333,16,24,4,23,7,34,29,53
4.795918367,1.4,2.75,0,9,5.3125,4.545454545,10,19,12,0,10,22,19,38
1.12244898,0.4,2.25,0,4,1.25,8.712121212,10,14,12,12,6,30,26,39
0,0.2,3,0,3,2.8125,2.272727273,5,8,12,22,3,37,32,40
2.040816327,0,2,0,4,11.25,4.545454545,16,20,1,12,2,15,13,33
2.653061224,0.2,1.5,0,4,4.0625,9.848484848,14,18,5,14,3,22,19,37
4.591836735,3.8,2.75,0,11,11.5625,1.136363636,13,24,13,15,14,42,36,60
0.714285714,2.2,2.5,0,5,2.8125,4.166666667,7,12,26,17,9,52,45,57
5,2.2,3.5,0,11,6.875,9.090909091,16,27,21,9,15,45,39,65
3.87755102,1.8,3.5,0,9,5.9375,7.954545455,14,23,1,21,4,26,22,45
1.632653061,0.8,4,0,6,7.1875,3.409090909,11,17,2,0,4,6,5,22
3.367346939,0.2,3.25,0,7,9.6875,3.787878788,13,20,5,16,3,24,21,41
4.285714286,3.6,1.25,0,9,10.9375,0.757575758,12,21,10,16,4,30,26,47
3.367346939,4,2.5,0,10,2.8125,0.378787879,3,13,23,4,10,37,32,45
4.081632653,3.4,2,0,9,8.75,12.5,21,31,21,15,0,36,31,62
4.693877551,3.8,2.5,0,11,5,10.98484848,16,27,27,1,3,31,27,54
2.346938776,2,2.75,0,7,10,8.712121212,19,26,14,8,2,24,21,46
2.755102041,2.2,4.25,0,9,8.75,4.924242424,14,23,14,10,0,24,21,43
0.918367347,3.6,3.25,0,8,2.8125,1.136363636,4,12,0,24,10,34,29,41
0.510204082,3.4,1.75,0,6,2.8125,5.681818182,8,14,20,6,6,32,27,42
3.87755102,1,4.75,0,10,11.25,9.090909091,20,30,19,3,16,38,33,63
4.897959184,3,2.25,0,10,12.5,3.03030303,16,26,18,23,15,56,48,74
2.551020408,3,1.75,0,7,7.8125,6.439393939,14,22,18,20,6,44,38,59
1.734693878,4,2.5,0,8,5.3125,0.378787879,6,14,19,27,2,48,41,55
1.632653061,3.2,2.25,0,7,1.875,1.136363636,3,10,21,12,3,36,31,41
2.346938776,2.4,1,0,6,9.6875,1.515151515,11,17,11,0,6,17,15,32
3.163265306,2.6,3.75,0,10,8.75,2.272727273,11,21,16,14,7,37,32,52
1.020408163,0.2,2.75,0,4,6.875,1.515151515,8,12,18,8,2,28,24,36
1.428571429,3.8,4,0,9,1.25,1.136363636,2,12,27,4,7,38,33,44
1.12244898,1.6,1,0,4,10.625,2.651515152,13,17,1,22,9,32,27,44
0.612244898,4.6,1.75,0,7,3.75,12.12121212,16,23,0,25,14,39,33,56
3.571428571,0.6,0.75,0,5,11.5625,10.98484848,23,27,10,24,13,47,40,68
3.775510204,0.6,2.75,0,7,0.3125,4.924242424,5,12,21,2,12,35,30,42
2.959183673,2,1,0,6,0.625,0,1,7,17,26,0,43,37,43
4.693877551,1.4,3.75,0,10,10.3125,1.515151515,12,22,8,15,9,32,27,49
3.775510204,4,3,0,11,2.5,4.924242424,7,18,12,18,5,35,30,48
1.734693878,0.8,0.75,0,3,10,12.12121212,22,25,0,23,9,32,27,53
1.734693878,0.6,1.5,0,4,3.125,10.98484848,14,18,19,16,9,44,38,56
4.489795918,4.8,3,0,12,7.1875,6.818181818,14,26,1,18,9,28,24,50
0.102040816,2.2,2.25,0,5,0.3125,4.166666667,4,9,6,25,9,40,34,43
1.93877551,3.4,2.25,0,8,0.9375,6.060606061,7,15,27,15,4,46,39,54
0.306122449,4.8,1.75,0,7,8.75,3.03030303,12,19,14,9,14,37,32,50
2.959183673,3.2,5,0,11,1.5625,1.893939394,3,15,6,16,6,28,24,39
1.020408163,3.4,1.75,0,6,6.25,10.22727273,16,23,25,23,1,49,42,65
4.285714286,2.6,2,0,9,9.375,1.893939394,11,20,7,1,2,10,9,29
4.387755102,2,2.75,0,9,2.5,11.36363636,14,23,15,7,10,32,27,50
1.12244898,5,4.5,0,11,9.375,3.787878788,13,24,8,18,7,33,28,52
0,2.6,2.5,0,5,2.8125,0.757575758,4,9,1,13,5,19,16,25
3.979591837,3.4,0,0,7,10.9375,3.787878788,15,22,17,16,6,39,33,56
0.306122449,3.2,2.5,0,6,5.625,3.409090909,9,15,7,7,9,23,20,35
0.306122449,0.8,0.75,0,2,10.3125,3.03030303,13,15,0,18,8,26,22,37
1.632653061,0.2,1.25,0,3,12.5,1.136363636,14,17,18,21,15,54,46,63
0.204081633,1.8,2,0,4,12.1875,10.60606061,23,27,20,14,14,48,41,68
4.897959184,1.6,1.5,0,8,5.3125,10.60606061,16,24,0,23,9,32,27,51
4.081632653,3.6,2.75,0,10,10.3125,6.060606061,16,27,2,10,10,22,19,46
2.857142857,2.4,2,0,7,1.875,6.439393939,8,16,22,14,0,36,31,46
2.244897959,1.2,3,0,6,8.75,2.272727273,11,17,3,0,3,6,5,23
3.979591837,1.8,1.75,0,8,4.0625,6.439393939,11,18,14,6,8,28,24,42
3.87755102,3.2,3.25,0,10,2.5,8.712121212,11,22,6,26,16,48,41,63
1.632653061,0,2.25,0,4,9.375,9.46969697,19,23,20,17,5,42,36,59
4.693877551,2.4,5,0,12,3.75,0.757575758,5,17,0,7,12,19,16,33
3.469387755,3.4,4.5,0,11,9.0625,0,9,20,19,17,1,37,32,52
3.265306122,2.8,0.25,0,6,4.375,6.818181818,11,18,8,24,1,33,28,46
3.265306122,1.8,4.75,0,10,5.9375,6.439393939,12,22,19,6,12,37,32,54
0.714285714,1,5,0,7,0,0,0,7,1,20,3,24,21,27
2.244897959,4.4,1,0,8,9.0625,0.757575758,10,17,11,20,16,47,40,58
2.959183673,2.4,0,0,5,10.9375,9.46969697,20,26,27,15,7,49,42,68
3.163265306,2,2.25,0,7,0,1.136363636,1,9,13,20,1,34,29,38
2.142857143,0.8,2.75,0,6,1.25,8.712121212,10,16,13,24,8,45,39,54
4.081632653,3.6,4.5,0,12,8.4375,1.893939394,10,23,7,26,16,49,42,65
4.591836735,1.4,2.5,0,8,7.1875,1.893939394,9,18,8,26,4,38,33,50
3.979591837,0,2.75,0,7,11.25,0.757575758,12,19,2,22,16,40,34,53
0.306122449,0.2,2.75,0,3,0.3125,9.090909091,9,13,10,19,13,42,36,49
0,2.2,4.25,0,6,6.5625,4.166666667,11,17,0,16,12,28,24,41
3.775510204,3.8,3,0,11,5.9375,3.409090909,9,20,27,9,16,52,45,64
2.551020408,5,4.5,0,12,7.8125,4.166666667,12,24,17,20,13,50,43,67
3.673469388,2.2,3.75,0,10,9.0625,11.74242424,21,30,8,10,6,24,21,51
3.163265306,2.4,1.75,0,7,9.0625,4.166666667,13,21,18,8,6,32,27,48
1.734693878,4.8,3,0,10,8.75,6.439393939,15,25,26,27,1,54,46,71
0.816326531,5,4,0,10,8.75,0.378787879,9,19,3,2,8,13,11,30
5,0.4,5,0,10,8.125,11.36363636,19,30,24,0,15,39,33,63
0.714285714,1.2,2,0,4,7.1875,9.090909091,16,20,15,11,5,31,27,47
4.591836735,4.2,2.5,0,11,8.75,2.272727273,11,22,0,22,3,25,21,44
1.428571429,5,2.75,0,9,9.0625,3.409090909,12,22,9,9,0,18,15,37
4.591836735,0,3,0,8,11.5625,0,12,19,10,7,6,23,20,39
1.734693878,4.6,2.5,0,9,0.3125,2.272727273,3,11,18,21,14,53,45,57
2.755102041,3.2,1,0,7,3.125,7.954545455,11,18,14,7,6,27,23,41
1.224489796,0.6,4,0,6,11.5625,0.757575758,12,18,22,7,12,41,35,53
1.224489796,1.8,3.75,0,7,10.3125,5.681818182,16,23,12,14,16,42,36,59
3.775510204,1.2,3,0,8,9.6875,2.651515152,12,20,16,2,6,24,21,41
3.775510204,2,3,0,9,1.25,1.893939394,3,12,4,26,15,45,39,50
1.020408163,1.6,3.75,0,6,0,4.924242424,5,11,20,14,10,44,38,49
0.408163265,1.6,2.75,0,5,6.25,11.36363636,18,22,7,9,7,23,20,42
